date,full_name,stargazers_count,watchers_count,forks_count,domain
2024-12-25,emptymalei/2048x,0,0,1,emptymalei
2024-12-25,emptymalei/30_seconds_of_knowledge,0,0,0,emptymalei
2024-12-25,emptymalei/airbnb-data-collection,0,0,0,emptymalei
2024-12-25,emptymalei/astrophysics-term-paper-2015,0,0,0,emptymalei
2024-12-25,emptymalei/audiorepr,12,12,0,emptymalei
2024-12-25,emptymalei/awesome-commit,1,1,0,emptymalei
2024-12-25,emptymalei/awesome-papers,0,0,0,emptymalei
2024-12-25,emptymalei/awesome-research,2124,2124,212,emptymalei
2024-12-25,emptymalei/beamerMaterialDesign,0,0,0,emptymalei
2024-12-25,emptymalei/blackjack-agent,0,0,0,emptymalei
2024-12-25,emptymalei/blog-erbb4,0,0,0,emptymalei
2024-12-25,emptymalei/brevifolia-next-tinacms,0,0,0,emptymalei
2024-12-25,emptymalei/brevifolia-nextjs,0,0,0,emptymalei
2024-12-25,emptymalei/caffe-unet-docker,0,0,0,emptymalei
2024-12-25,emptymalei/calibre-web,1,1,0,emptymalei
2024-12-25,emptymalei/candidacy-exam,0,0,0,emptymalei
2024-12-25,emptymalei/cheat-sheet,0,0,0,emptymalei
2024-12-25,emptymalei/cheatsheets,1,1,0,emptymalei
2024-12-25,emptymalei/collapseos,4,4,249,emptymalei
2024-12-25,emptymalei/colmap,0,0,0,emptymalei
2024-12-25,emptymalei/comics,0,0,0,emptymalei
2024-12-25,emptymalei/continuous-integration-circle,0,0,0,emptymalei
2024-12-25,emptymalei/cowsay-physics,0,0,0,emptymalei
2024-12-25,emptymalei/currency-exchange,0,0,0,emptymalei
2024-12-25,emptymalei/curriculum,0,0,0,emptymalei
2024-12-25,emptymalei/data-acquisition,1,1,1,emptymalei
2024-12-25,emptymalei/data-archery,0,0,0,emptymalei
2024-12-25,emptymalei/data-playground,0,0,1,emptymalei
2024-12-25,emptymalei/data-presentation,1,1,0,emptymalei
2024-12-25,emptymalei/dc-maps,0,0,0,emptymalei
2024-12-25,InterImm/interimm.github.io,11,11,2,InterImm
2024-12-25,InterImm/service,10,10,1,InterImm
2024-12-25,InterImm/InterImmBook,203,203,20,InterImm
2024-12-25,InterImm/timeline,10,10,1,InterImm
2024-12-25,InterImm/exoplanets,16,16,5,InterImm
2024-12-25,InterImm/roundTable,29,29,6,InterImm
2024-12-25,InterImm/InterImmData,5,5,2,InterImm
2024-12-25,InterImm/marsCalendar,9,9,1,InterImm
2024-12-25,InterImm/magazine,3,3,1,InterImm
2024-12-25,InterImm/planetClass,0,0,0,InterImm
2024-12-25,InterImm/ksp-InterImm,1,1,0,InterImm
2024-12-25,InterImm/solarsystem,2,2,0,InterImm
2024-12-25,InterImm/spaceElevator,3,3,0,InterImm
2024-12-25,InterImm/static,0,0,1,InterImm
2024-12-25,InterImm/xpaper,0,0,0,InterImm
2024-12-25,InterImm/space-settlement,0,0,0,InterImm
2024-12-25,InterImm/mars-map,3,3,0,InterImm
2024-12-25,InterImm/civilization-landscape,0,0,0,InterImm
2024-12-25,InterImm/app,1,1,0,InterImm
2024-12-25,InterImm/hub,7,7,0,InterImm
2024-12-25,InterImm/jsorrery,0,0,0,InterImm
2024-12-25,InterImm/stellar,0,0,0,InterImm
2024-12-25,InterImm/martian-clock-vuejs,0,0,0,InterImm
2024-12-25,InterImm/martian-cities,5,5,0,InterImm
2024-12-25,InterImm/cities-old,0,0,0,InterImm
2024-12-25,InterImm/planiversity,3,3,0,InterImm
2024-12-25,InterImm/asteroid-db,0,0,0,InterImm
2024-12-25,InterImm/mars-exploration-map,2,2,1,InterImm
2024-12-25,InterImm/explain-things-code,0,0,0,InterImm
2024-12-25,InterImm/mars-clock,3,3,1,InterImm
2024-12-25,NeuPhysics/neutrino,8,8,5,NeuPhysics
2024-12-25,NeuPhysics/computational-methods,1,1,1,NeuPhysics
2024-12-25,NeuPhysics/neuphysics.github.io,2,2,0,NeuPhysics
2024-12-25,NeuPhysics/aNN,3,3,0,NeuPhysics
2024-12-25,NeuPhysics/julia-neural-network,0,0,0,NeuPhysics
2024-12-25,NeuPhysics/sync-de-solver,1,1,0,NeuPhysics
2024-12-25,NeuPhysics/15summer,0,0,0,NeuPhysics
2024-12-25,NeuPhysics/oscillations,2,2,0,NeuPhysics
2024-12-25,NeuPhysics/kNN,0,0,0,NeuPhysics
2024-12-25,NeuPhysics/codebase,0,0,0,NeuPhysics
2024-12-25,NeuPhysics/neupackage,1,1,0,NeuPhysics
2024-12-25,NeuPhysics/pyosc,1,1,0,NeuPhysics
2024-12-25,NeuPhysics/neutrino-map,0,0,0,NeuPhysics
2024-12-25,NeuPhysics/kit,0,0,0,NeuPhysics
2024-12-25,NeuPhysics/neutrino-oscillation-js,0,0,1,NeuPhysics
2024-12-25,NeuPhysics/codebase-lite,0,0,0,NeuPhysics
2024-12-25,NeuPhysics/mma,0,0,0,NeuPhysics
2024-12-25,NeuPhysics/updates,0,0,1,NeuPhysics
2024-12-25,NeuPhysics/neutrino-data,0,0,0,NeuPhysics
2024-12-25,NeuPhysics/notes,0,0,0,NeuPhysics
2024-12-25,NeuPhysics/neutrino-resume,0,0,0,NeuPhysics
2024-12-25,NeuPhysics/visualization,0,0,1,NeuPhysics
2024-12-25,NeuPhysics/cpp-de-solver,0,0,0,NeuPhysics
2024-12-25,NeuPhysics/feed,0,0,0,NeuPhysics
2024-12-25,NeuPhysics/parallel-exercise,1,1,0,NeuPhysics
2024-12-25,NeuPhysics/loader-writer-snippet,0,0,0,NeuPhysics
2024-12-25,NeuPhysics/mediawiki,0,0,0,NeuPhysics
2024-12-25,NeuPhysics/wiki,0,0,0,NeuPhysics
2024-12-25,NeuPhysics/wiki-base,0,0,0,NeuPhysics
2024-12-25,NeuPhysics/wiki-heroku,0,0,0,NeuPhysics
2024-12-25,neuronstar/neuronstar.github.io,2,2,1,neuronstar
2024-12-25,neuronstar/conda-buildpack,0,0,0,neuronstar
2024-12-25,neuronstar/heroku-buildpack-scipy,0,0,0,neuronstar
2024-12-25,neuronstar/ipynb-sci,0,0,0,neuronstar
2024-12-25,neuronstar/about-git,2,2,0,neuronstar
2024-12-25,neuronstar/spiking-neuron-models,79,79,12,neuronstar
2024-12-25,neuronstar/comp-neurosci-map,0,0,0,neuronstar
2024-12-25,neuronstar/spiking-neuron-models-code,0,0,0,neuronstar
2024-12-25,neuronstar/network,0,0,0,neuronstar
2024-12-25,neuronstar/general-discussions,2,2,0,neuronstar
2024-12-25,neuronstar/elements-of-statistical-learning,0,0,0,neuronstar
2024-12-25,neuronstar/learn-nest-simulator,0,0,0,neuronstar
2024-12-25,neuronstar/explain-structural-plasticity,1,1,0,neuronstar
2024-12-25,neuronstar/statmech-and-neural-networks,0,0,0,neuronstar
2024-12-25,neuronstar/seminar-discussions,0,0,0,neuronstar
2024-12-25,neuronstar/ts-diffusion,5,5,1,neuronstar
2024-12-25,uupers/BiliSpider,455,455,76,uupers
2024-12-25,uupers/uupers.github.io,75,75,1,uupers
2024-12-25,uupers/wait-for-permission,0,0,0,uupers
2024-12-25,uupers/How2Lexplain,1,1,0,uupers
2024-12-25,uupers/pullpoor,0,0,1,uupers
2024-12-25,uupers/bilidash,0,0,0,uupers
2024-12-25,uupers/ACSpider,7,7,0,uupers
2024-12-25,uupers/vtracer,4,4,1,uupers
2024-12-25,uupers/save-tieba,48,48,6,uupers
2024-12-25,uupers/Mathematica-ThreeJS-graphics-engine,0,0,0,uupers
2024-12-25,datumorphism/data-basics,0,0,0,datumorphism
2024-12-25,datumorphism/learning,0,0,0,datumorphism
2024-12-25,datumorphism/datumorphism.github.io,8,8,3,datumorphism
2024-12-25,datumorphism/data-visualization-coursera,0,0,0,datumorphism
2024-12-25,datumorphism/data-mining-3rd-han-notes,0,0,0,datumorphism
2024-12-25,datumorphism/pattern-discovery-coursera,0,0,0,datumorphism
2024-12-25,datumorphism/full-stack-data-science,0,0,0,datumorphism
2024-12-25,datumorphism/OpenEats,0,0,0,datumorphism
2024-12-25,datumorphism/cheat,0,0,0,datumorphism
2024-12-25,datumorphism/vectorized-food,2,2,0,datumorphism
2024-12-25,datumorphism/ml4everyone,0,0,0,datumorphism
2024-12-25,datumorphism/comments,0,0,0,datumorphism
2024-12-25,datumorphism/luigi-and-docker,0,0,0,datumorphism
2024-12-25,datumorphism/learn-luigi,0,0,0,datumorphism
2024-12-25,datumorphism/courses-scrape-data-using-node-js,0,0,0,datumorphism
2024-12-25,datumorphism/data-visualization-udacity,0,0,0,datumorphism
2024-12-25,datumorphism/openpoimap,0,0,0,datumorphism
2024-12-25,datumorphism/wechat-assistant,1,1,0,datumorphism
2024-12-25,datumorphism/crunchbase-data,0,0,0,datumorphism
2024-12-25,datumorphism/cog,0,0,0,datumorphism
2024-12-25,datumorphism/public-apis,0,0,0,datumorphism
2024-12-25,datumorphism/datahub,0,0,0,datumorphism
2024-12-25,datumorphism/2019-ncov,0,0,1,datumorphism
2024-12-25,datumorphism/geonames-timezones,0,0,0,datumorphism
2024-12-25,datumorphism/geonames-postal-codes-geocoordinates,0,0,0,datumorphism
2024-12-25,datumorphism/dataset-european-countries,0,0,0,datumorphism
2024-12-25,datumorphism/postcodes.io,0,0,0,datumorphism
2024-12-25,datumorphism/deutschlandGeoJSON,0,0,0,datumorphism
2024-12-25,datumorphism/graphql-scraper-server,0,0,0,datumorphism
2024-12-25,datumorphism/dataset-eu-geography-shapes,0,0,0,datumorphism
2024-12-25,DataHerb/dataherb-flora,1,1,2,DataHerb
2024-12-25,DataHerb/dataherb.github.io,0,0,0,DataHerb
2024-12-25,DataHerb/dataherb-metadata-aggregator,0,0,0,DataHerb
2024-12-25,DataHerb/comments,0,0,0,DataHerb
2024-12-25,DataHerb/dataherb-python,3,3,1,DataHerb
2024-12-25,DataHerb/dataset-covid-19,14,14,19,DataHerb
2024-12-25,DataHerb/nuforc-ufo-records,1,1,1,DataHerb
2024-12-25,DataHerb/sars-cov-2-germany,4,4,0,DataHerb
2024-12-25,DataHerb/covid19-eu-pages,0,0,0,DataHerb
2024-12-25,DataHerb/covid-19-ecdc,0,0,0,DataHerb
2024-12-25,DataHerb/covid19-eu-data,0,0,0,DataHerb
2024-12-25,DataHerb/krautmarkt-core,0,0,0,DataHerb
2024-12-25,DataHerb/krautmarkt-hugo,0,0,0,DataHerb
2024-12-25,DataHerb/dataset-data-science-job,4,4,3,DataHerb
2024-12-25,DataHerb/dataherb-python-demo-dataset,0,0,0,DataHerb
2024-12-25,DataHerb/dataherb-python-demo-dataset-created,0,0,0,DataHerb
2024-12-25,DataHerb/dataset-ENTSO-E-power-comsumption,0,0,0,DataHerb
2024-12-25,DataHerb/dataset-airpassenger,0,0,0,DataHerb
2024-12-25,DataHerb/dataset-samsung-device-updates,0,0,0,DataHerb
2024-12-25,kausalflow/PopularScienceMeter,2,2,0,kausalflow
2024-12-25,kausalflow/GuokrBadge,23,23,3,kausalflow
2024-12-25,kausalflow/GuokrData,1,1,0,kausalflow
2024-12-25,kausalflow/Codes4GWork,0,0,0,kausalflow
2024-12-25,kausalflow/opentf.github.io,2,2,0,kausalflow
2024-12-25,kausalflow/Cache,0,0,0,kausalflow
2024-12-25,kausalflow/html4scientists,8,8,1,kausalflow
2024-12-25,kausalflow/openscience,5,5,0,kausalflow
2024-12-25,kausalflow/thePaper,1,1,0,kausalflow
2024-12-25,kausalflow/exoplanets,0,0,0,kausalflow
2024-12-25,kausalflow/okfestival,0,0,0,kausalflow
2024-12-25,kausalflow/tufte-latex,0,0,0,kausalflow
2024-12-25,kausalflow/tools,36,36,5,kausalflow
2024-12-25,kausalflow/kausalflow.github.io,0,0,0,kausalflow
2024-12-25,kausalflow/pyresparser,0,0,0,kausalflow
2024-12-25,kausalflow/connectome,35,35,8,kausalflow
2024-12-25,kausalflow/hugo-connectome-theme-demo,4,4,4,kausalflow
2024-12-25,kausalflow/jamstackthemes,0,0,0,kausalflow
2024-12-25,kausalflow/covid19-eu-data,0,0,0,kausalflow
2024-12-25,kausalflow/kirsche,14,14,0,kausalflow
2024-12-25,kausalflow/community,0,0,0,kausalflow
2024-12-25,kausalflow/connected-references-demo,0,0,0,kausalflow
2024-12-25,kausalflow/test-automation,0,0,0,kausalflow
2024-12-25,kausalflow/colorteller,1,1,0,kausalflow
2024-12-25,kausalflow/colorteller-package,3,3,0,kausalflow
2024-12-25,kausalflow/experimentalist-data,0,0,0,kausalflow
2024-12-25,kausalflow/hamilflow,4,4,1,kausalflow
2024-12-25,kausalflow/lag-llama,0,0,0,kausalflow
2024-12-25,emptymalei/2048x,0,0,1,emptymalei
2024-12-25,emptymalei/30_seconds_of_knowledge,0,0,0,emptymalei
2024-12-25,emptymalei/airbnb-data-collection,0,0,0,emptymalei
2024-12-25,emptymalei/astrophysics-term-paper-2015,0,0,0,emptymalei
2024-12-25,emptymalei/audiorepr,12,12,0,emptymalei
2024-12-25,emptymalei/awesome-commit,1,1,0,emptymalei
2024-12-25,emptymalei/awesome-papers,0,0,0,emptymalei
2024-12-25,emptymalei/awesome-research,2124,2124,212,emptymalei
2024-12-25,emptymalei/beamerMaterialDesign,0,0,0,emptymalei
2024-12-25,emptymalei/blackjack-agent,0,0,0,emptymalei
2024-12-25,emptymalei/blog-erbb4,0,0,0,emptymalei
2024-12-25,emptymalei/brevifolia-next-tinacms,0,0,0,emptymalei
2024-12-25,emptymalei/brevifolia-nextjs,0,0,0,emptymalei
2024-12-25,emptymalei/caffe-unet-docker,0,0,0,emptymalei
2024-12-25,emptymalei/calibre-web,1,1,0,emptymalei
2024-12-25,emptymalei/candidacy-exam,0,0,0,emptymalei
2024-12-25,emptymalei/cheat-sheet,0,0,0,emptymalei
2024-12-25,emptymalei/cheatsheets,1,1,0,emptymalei
2024-12-25,emptymalei/collapseos,4,4,249,emptymalei
2024-12-25,emptymalei/colmap,0,0,0,emptymalei
2024-12-25,emptymalei/comics,0,0,0,emptymalei
2024-12-25,emptymalei/continuous-integration-circle,0,0,0,emptymalei
2024-12-25,emptymalei/cowsay-physics,0,0,0,emptymalei
2024-12-25,emptymalei/currency-exchange,0,0,0,emptymalei
2024-12-25,emptymalei/curriculum,0,0,0,emptymalei
2024-12-25,emptymalei/data-acquisition,1,1,1,emptymalei
2024-12-25,emptymalei/data-archery,0,0,0,emptymalei
2024-12-25,emptymalei/data-playground,0,0,1,emptymalei
2024-12-25,emptymalei/data-presentation,1,1,0,emptymalei
2024-12-25,emptymalei/dc-maps,0,0,0,emptymalei
2024-12-25,InterImm/interimm.github.io,11,11,2,InterImm
2024-12-25,InterImm/service,10,10,1,InterImm
2024-12-25,InterImm/InterImmBook,203,203,20,InterImm
2024-12-25,InterImm/timeline,10,10,1,InterImm
2024-12-25,InterImm/exoplanets,16,16,5,InterImm
2024-12-25,InterImm/roundTable,29,29,6,InterImm
2024-12-25,InterImm/InterImmData,5,5,2,InterImm
2024-12-25,InterImm/marsCalendar,9,9,1,InterImm
2024-12-25,InterImm/magazine,3,3,1,InterImm
2024-12-25,InterImm/planetClass,0,0,0,InterImm
2024-12-25,InterImm/ksp-InterImm,1,1,0,InterImm
2024-12-25,InterImm/solarsystem,2,2,0,InterImm
2024-12-25,InterImm/spaceElevator,3,3,0,InterImm
2024-12-25,InterImm/static,0,0,1,InterImm
2024-12-25,InterImm/xpaper,0,0,0,InterImm
2024-12-25,InterImm/space-settlement,0,0,0,InterImm
2024-12-25,InterImm/mars-map,3,3,0,InterImm
2024-12-25,InterImm/civilization-landscape,0,0,0,InterImm
2024-12-25,InterImm/app,1,1,0,InterImm
2024-12-25,InterImm/hub,7,7,0,InterImm
2024-12-25,InterImm/jsorrery,0,0,0,InterImm
2024-12-25,InterImm/stellar,0,0,0,InterImm
2024-12-25,InterImm/martian-clock-vuejs,0,0,0,InterImm
2024-12-25,InterImm/martian-cities,5,5,0,InterImm
2024-12-25,InterImm/cities-old,0,0,0,InterImm
2024-12-25,InterImm/planiversity,3,3,0,InterImm
2024-12-25,InterImm/asteroid-db,0,0,0,InterImm
2024-12-25,InterImm/mars-exploration-map,2,2,1,InterImm
2024-12-25,InterImm/explain-things-code,0,0,0,InterImm
2024-12-25,InterImm/mars-clock,3,3,1,InterImm
2024-12-25,NeuPhysics/neutrino,8,8,5,NeuPhysics
2024-12-25,NeuPhysics/computational-methods,1,1,1,NeuPhysics
2024-12-25,NeuPhysics/neuphysics.github.io,2,2,0,NeuPhysics
2024-12-25,NeuPhysics/aNN,3,3,0,NeuPhysics
2024-12-25,NeuPhysics/julia-neural-network,0,0,0,NeuPhysics
2024-12-25,NeuPhysics/sync-de-solver,1,1,0,NeuPhysics
2024-12-25,NeuPhysics/15summer,0,0,0,NeuPhysics
2024-12-25,NeuPhysics/oscillations,2,2,0,NeuPhysics
2024-12-25,NeuPhysics/kNN,0,0,0,NeuPhysics
2024-12-25,NeuPhysics/codebase,0,0,0,NeuPhysics
2024-12-25,NeuPhysics/neupackage,1,1,0,NeuPhysics
2024-12-25,NeuPhysics/pyosc,1,1,0,NeuPhysics
2024-12-25,NeuPhysics/neutrino-map,0,0,0,NeuPhysics
2024-12-25,NeuPhysics/kit,0,0,0,NeuPhysics
2024-12-25,NeuPhysics/neutrino-oscillation-js,0,0,1,NeuPhysics
2024-12-25,NeuPhysics/codebase-lite,0,0,0,NeuPhysics
2024-12-25,NeuPhysics/mma,0,0,0,NeuPhysics
2024-12-25,NeuPhysics/updates,0,0,1,NeuPhysics
2024-12-25,NeuPhysics/neutrino-data,0,0,0,NeuPhysics
2024-12-25,NeuPhysics/notes,0,0,0,NeuPhysics
2024-12-25,NeuPhysics/neutrino-resume,0,0,0,NeuPhysics
2024-12-25,NeuPhysics/visualization,0,0,1,NeuPhysics
2024-12-25,NeuPhysics/cpp-de-solver,0,0,0,NeuPhysics
2024-12-25,NeuPhysics/feed,0,0,0,NeuPhysics
2024-12-25,NeuPhysics/parallel-exercise,1,1,0,NeuPhysics
2024-12-25,NeuPhysics/loader-writer-snippet,0,0,0,NeuPhysics
2024-12-25,NeuPhysics/mediawiki,0,0,0,NeuPhysics
2024-12-25,NeuPhysics/wiki,0,0,0,NeuPhysics
2024-12-25,NeuPhysics/wiki-base,0,0,0,NeuPhysics
2024-12-25,NeuPhysics/wiki-heroku,0,0,0,NeuPhysics
2024-12-25,neuronstar/neuronstar.github.io,2,2,1,neuronstar
2024-12-25,neuronstar/conda-buildpack,0,0,0,neuronstar
2024-12-25,neuronstar/heroku-buildpack-scipy,0,0,0,neuronstar
2024-12-25,neuronstar/ipynb-sci,0,0,0,neuronstar
2024-12-25,neuronstar/about-git,2,2,0,neuronstar
2024-12-25,neuronstar/spiking-neuron-models,79,79,12,neuronstar
2024-12-25,neuronstar/comp-neurosci-map,0,0,0,neuronstar
2024-12-25,neuronstar/spiking-neuron-models-code,0,0,0,neuronstar
2024-12-25,neuronstar/network,0,0,0,neuronstar
2024-12-25,neuronstar/general-discussions,2,2,0,neuronstar
2024-12-25,neuronstar/elements-of-statistical-learning,0,0,0,neuronstar
2024-12-25,neuronstar/learn-nest-simulator,0,0,0,neuronstar
2024-12-25,neuronstar/explain-structural-plasticity,1,1,0,neuronstar
2024-12-25,neuronstar/statmech-and-neural-networks,0,0,0,neuronstar
2024-12-25,neuronstar/seminar-discussions,0,0,0,neuronstar
2024-12-25,neuronstar/ts-diffusion,5,5,1,neuronstar
2024-12-25,uupers/BiliSpider,455,455,76,uupers
2024-12-25,uupers/uupers.github.io,75,75,1,uupers
2024-12-25,uupers/wait-for-permission,0,0,0,uupers
2024-12-25,uupers/How2Lexplain,1,1,0,uupers
2024-12-25,uupers/pullpoor,0,0,1,uupers
2024-12-25,uupers/bilidash,0,0,0,uupers
2024-12-25,uupers/ACSpider,7,7,0,uupers
2024-12-25,uupers/vtracer,4,4,1,uupers
2024-12-25,uupers/save-tieba,48,48,6,uupers
2024-12-25,uupers/Mathematica-ThreeJS-graphics-engine,0,0,0,uupers
2024-12-25,datumorphism/data-basics,0,0,0,datumorphism
2024-12-25,datumorphism/learning,0,0,0,datumorphism
2024-12-25,datumorphism/datumorphism.github.io,8,8,3,datumorphism
2024-12-25,datumorphism/data-visualization-coursera,0,0,0,datumorphism
2024-12-25,datumorphism/data-mining-3rd-han-notes,0,0,0,datumorphism
2024-12-25,datumorphism/pattern-discovery-coursera,0,0,0,datumorphism
2024-12-25,datumorphism/full-stack-data-science,0,0,0,datumorphism
2024-12-25,datumorphism/OpenEats,0,0,0,datumorphism
2024-12-25,datumorphism/cheat,0,0,0,datumorphism
2024-12-25,datumorphism/vectorized-food,2,2,0,datumorphism
2024-12-25,datumorphism/ml4everyone,0,0,0,datumorphism
2024-12-25,datumorphism/comments,0,0,0,datumorphism
2024-12-25,datumorphism/luigi-and-docker,0,0,0,datumorphism
2024-12-25,datumorphism/learn-luigi,0,0,0,datumorphism
2024-12-25,datumorphism/courses-scrape-data-using-node-js,0,0,0,datumorphism
2024-12-25,datumorphism/data-visualization-udacity,0,0,0,datumorphism
2024-12-25,datumorphism/openpoimap,0,0,0,datumorphism
2024-12-25,datumorphism/wechat-assistant,1,1,0,datumorphism
2024-12-25,datumorphism/crunchbase-data,0,0,0,datumorphism
2024-12-25,datumorphism/cog,0,0,0,datumorphism
2024-12-25,datumorphism/public-apis,0,0,0,datumorphism
2024-12-25,datumorphism/datahub,0,0,0,datumorphism
2024-12-25,datumorphism/2019-ncov,0,0,1,datumorphism
2024-12-25,datumorphism/geonames-timezones,0,0,0,datumorphism
2024-12-25,datumorphism/geonames-postal-codes-geocoordinates,0,0,0,datumorphism
2024-12-25,datumorphism/dataset-european-countries,0,0,0,datumorphism
2024-12-25,datumorphism/postcodes.io,0,0,0,datumorphism
2024-12-25,datumorphism/deutschlandGeoJSON,0,0,0,datumorphism
2024-12-25,datumorphism/graphql-scraper-server,0,0,0,datumorphism
2024-12-25,datumorphism/dataset-eu-geography-shapes,0,0,0,datumorphism
2024-12-25,DataHerb/dataherb-flora,1,1,2,DataHerb
2024-12-25,DataHerb/dataherb.github.io,0,0,0,DataHerb
2024-12-25,DataHerb/dataherb-metadata-aggregator,0,0,0,DataHerb
2024-12-25,DataHerb/comments,0,0,0,DataHerb
2024-12-25,DataHerb/dataherb-python,3,3,1,DataHerb
2024-12-25,DataHerb/dataset-covid-19,14,14,19,DataHerb
2024-12-25,DataHerb/nuforc-ufo-records,1,1,1,DataHerb
2024-12-25,DataHerb/sars-cov-2-germany,4,4,0,DataHerb
2024-12-25,DataHerb/covid19-eu-pages,0,0,0,DataHerb
2024-12-25,DataHerb/covid-19-ecdc,0,0,0,DataHerb
2024-12-25,DataHerb/covid19-eu-data,0,0,0,DataHerb
2024-12-25,DataHerb/krautmarkt-core,0,0,0,DataHerb
2024-12-25,DataHerb/krautmarkt-hugo,0,0,0,DataHerb
2024-12-25,DataHerb/dataset-data-science-job,4,4,3,DataHerb
2024-12-25,DataHerb/dataherb-python-demo-dataset,0,0,0,DataHerb
2024-12-25,DataHerb/dataherb-python-demo-dataset-created,0,0,0,DataHerb
2024-12-25,DataHerb/dataset-ENTSO-E-power-comsumption,0,0,0,DataHerb
2024-12-25,DataHerb/dataset-airpassenger,0,0,0,DataHerb
2024-12-25,DataHerb/dataset-samsung-device-updates,0,0,0,DataHerb
2024-12-25,kausalflow/PopularScienceMeter,2,2,0,kausalflow
2024-12-25,kausalflow/GuokrBadge,23,23,3,kausalflow
2024-12-25,kausalflow/GuokrData,1,1,0,kausalflow
2024-12-25,kausalflow/Codes4GWork,0,0,0,kausalflow
2024-12-25,kausalflow/opentf.github.io,2,2,0,kausalflow
2024-12-25,kausalflow/Cache,0,0,0,kausalflow
2024-12-25,kausalflow/html4scientists,8,8,1,kausalflow
2024-12-25,kausalflow/openscience,5,5,0,kausalflow
2024-12-25,kausalflow/thePaper,1,1,0,kausalflow
2024-12-25,kausalflow/exoplanets,0,0,0,kausalflow
2024-12-25,kausalflow/okfestival,0,0,0,kausalflow
2024-12-25,kausalflow/tufte-latex,0,0,0,kausalflow
2024-12-25,kausalflow/tools,36,36,5,kausalflow
2024-12-25,kausalflow/kausalflow.github.io,0,0,0,kausalflow
2024-12-25,kausalflow/pyresparser,0,0,0,kausalflow
2024-12-25,kausalflow/connectome,35,35,8,kausalflow
2024-12-25,kausalflow/hugo-connectome-theme-demo,4,4,4,kausalflow
2024-12-25,kausalflow/jamstackthemes,0,0,0,kausalflow
2024-12-25,kausalflow/covid19-eu-data,0,0,0,kausalflow
2024-12-25,kausalflow/kirsche,14,14,0,kausalflow
2024-12-25,kausalflow/community,0,0,0,kausalflow
2024-12-25,kausalflow/connected-references-demo,0,0,0,kausalflow
2024-12-25,kausalflow/test-automation,0,0,0,kausalflow
2024-12-25,kausalflow/colorteller,1,1,0,kausalflow
2024-12-25,kausalflow/colorteller-package,3,3,0,kausalflow
2024-12-25,kausalflow/experimentalist-data,0,0,0,kausalflow
2024-12-25,kausalflow/hamilflow,4,4,1,kausalflow
2024-12-25,kausalflow/lag-llama,0,0,0,kausalflow
2024-12-25,emptymalei/2048x,0,0,1,emptymalei
2024-12-25,emptymalei/30_seconds_of_knowledge,0,0,0,emptymalei
2024-12-25,emptymalei/airbnb-data-collection,0,0,0,emptymalei
2024-12-25,emptymalei/astrophysics-term-paper-2015,0,0,0,emptymalei
2024-12-25,emptymalei/audiorepr,12,12,0,emptymalei
2024-12-25,emptymalei/awesome-commit,1,1,0,emptymalei
2024-12-25,emptymalei/awesome-papers,0,0,0,emptymalei
2024-12-25,emptymalei/awesome-research,2124,2124,212,emptymalei
2024-12-25,emptymalei/beamerMaterialDesign,0,0,0,emptymalei
2024-12-25,emptymalei/blackjack-agent,0,0,0,emptymalei
2024-12-25,emptymalei/blog-erbb4,0,0,0,emptymalei
2024-12-25,emptymalei/brevifolia-next-tinacms,0,0,0,emptymalei
2024-12-25,emptymalei/brevifolia-nextjs,0,0,0,emptymalei
2024-12-25,emptymalei/caffe-unet-docker,0,0,0,emptymalei
2024-12-25,emptymalei/calibre-web,1,1,0,emptymalei
2024-12-25,emptymalei/candidacy-exam,0,0,0,emptymalei
2024-12-25,emptymalei/cheat-sheet,0,0,0,emptymalei
2024-12-25,emptymalei/cheatsheets,1,1,0,emptymalei
2024-12-25,emptymalei/collapseos,4,4,249,emptymalei
2024-12-25,emptymalei/colmap,0,0,0,emptymalei
2024-12-25,emptymalei/comics,0,0,0,emptymalei
2024-12-25,emptymalei/continuous-integration-circle,0,0,0,emptymalei
2024-12-25,emptymalei/cowsay-physics,0,0,0,emptymalei
2024-12-25,emptymalei/currency-exchange,0,0,0,emptymalei
2024-12-25,emptymalei/curriculum,0,0,0,emptymalei
2024-12-25,emptymalei/data-acquisition,1,1,1,emptymalei
2024-12-25,emptymalei/data-archery,0,0,0,emptymalei
2024-12-25,emptymalei/data-playground,0,0,1,emptymalei
2024-12-25,emptymalei/data-presentation,1,1,0,emptymalei
2024-12-25,emptymalei/dc-maps,0,0,0,emptymalei
2024-12-25,InterImm/interimm.github.io,11,11,2,InterImm
2024-12-25,InterImm/service,10,10,1,InterImm
2024-12-25,InterImm/InterImmBook,203,203,20,InterImm
2024-12-25,InterImm/timeline,10,10,1,InterImm
2024-12-25,InterImm/exoplanets,16,16,5,InterImm
2024-12-25,InterImm/roundTable,29,29,6,InterImm
2024-12-25,InterImm/InterImmData,5,5,2,InterImm
2024-12-25,InterImm/marsCalendar,9,9,1,InterImm
2024-12-25,InterImm/magazine,3,3,1,InterImm
2024-12-25,InterImm/planetClass,0,0,0,InterImm
2024-12-25,InterImm/ksp-InterImm,1,1,0,InterImm
2024-12-25,InterImm/solarsystem,2,2,0,InterImm
2024-12-25,InterImm/spaceElevator,3,3,0,InterImm
2024-12-25,InterImm/static,0,0,1,InterImm
2024-12-25,InterImm/xpaper,0,0,0,InterImm
2024-12-25,InterImm/space-settlement,0,0,0,InterImm
2024-12-25,InterImm/mars-map,3,3,0,InterImm
2024-12-25,InterImm/civilization-landscape,0,0,0,InterImm
2024-12-25,InterImm/app,1,1,0,InterImm
2024-12-25,InterImm/hub,7,7,0,InterImm
2024-12-25,InterImm/jsorrery,0,0,0,InterImm
2024-12-25,InterImm/stellar,0,0,0,InterImm
2024-12-25,InterImm/martian-clock-vuejs,0,0,0,InterImm
2024-12-25,InterImm/martian-cities,5,5,0,InterImm
2024-12-25,InterImm/cities-old,0,0,0,InterImm
2024-12-25,InterImm/planiversity,3,3,0,InterImm
2024-12-25,InterImm/asteroid-db,0,0,0,InterImm
2024-12-25,InterImm/mars-exploration-map,2,2,1,InterImm
2024-12-25,InterImm/explain-things-code,0,0,0,InterImm
2024-12-25,InterImm/mars-clock,3,3,1,InterImm
2024-12-25,NeuPhysics/neutrino,8,8,5,NeuPhysics
2024-12-25,NeuPhysics/computational-methods,1,1,1,NeuPhysics
2024-12-25,NeuPhysics/neuphysics.github.io,2,2,0,NeuPhysics
2024-12-25,NeuPhysics/aNN,3,3,0,NeuPhysics
2024-12-25,NeuPhysics/julia-neural-network,0,0,0,NeuPhysics
2024-12-25,NeuPhysics/sync-de-solver,1,1,0,NeuPhysics
2024-12-25,NeuPhysics/15summer,0,0,0,NeuPhysics
2024-12-25,NeuPhysics/oscillations,2,2,0,NeuPhysics
2024-12-25,NeuPhysics/kNN,0,0,0,NeuPhysics
2024-12-25,NeuPhysics/codebase,0,0,0,NeuPhysics
2024-12-25,NeuPhysics/neupackage,1,1,0,NeuPhysics
2024-12-25,NeuPhysics/pyosc,1,1,0,NeuPhysics
2024-12-25,NeuPhysics/neutrino-map,0,0,0,NeuPhysics
2024-12-25,NeuPhysics/kit,0,0,0,NeuPhysics
2024-12-25,NeuPhysics/neutrino-oscillation-js,0,0,1,NeuPhysics
2024-12-25,NeuPhysics/codebase-lite,0,0,0,NeuPhysics
2024-12-25,NeuPhysics/mma,0,0,0,NeuPhysics
2024-12-25,NeuPhysics/updates,0,0,1,NeuPhysics
2024-12-25,NeuPhysics/neutrino-data,0,0,0,NeuPhysics
2024-12-25,NeuPhysics/notes,0,0,0,NeuPhysics
2024-12-25,NeuPhysics/neutrino-resume,0,0,0,NeuPhysics
2024-12-25,NeuPhysics/visualization,0,0,1,NeuPhysics
2024-12-25,NeuPhysics/cpp-de-solver,0,0,0,NeuPhysics
2024-12-25,NeuPhysics/feed,0,0,0,NeuPhysics
2024-12-25,NeuPhysics/parallel-exercise,1,1,0,NeuPhysics
2024-12-25,NeuPhysics/loader-writer-snippet,0,0,0,NeuPhysics
2024-12-25,NeuPhysics/mediawiki,0,0,0,NeuPhysics
2024-12-25,NeuPhysics/wiki,0,0,0,NeuPhysics
2024-12-25,NeuPhysics/wiki-base,0,0,0,NeuPhysics
2024-12-25,NeuPhysics/wiki-heroku,0,0,0,NeuPhysics
2024-12-25,neuronstar/neuronstar.github.io,2,2,1,neuronstar
2024-12-25,neuronstar/conda-buildpack,0,0,0,neuronstar
2024-12-25,neuronstar/heroku-buildpack-scipy,0,0,0,neuronstar
2024-12-25,neuronstar/ipynb-sci,0,0,0,neuronstar
2024-12-25,neuronstar/about-git,2,2,0,neuronstar
2024-12-25,neuronstar/spiking-neuron-models,79,79,12,neuronstar
2024-12-25,neuronstar/comp-neurosci-map,0,0,0,neuronstar
2024-12-25,neuronstar/spiking-neuron-models-code,0,0,0,neuronstar
2024-12-25,neuronstar/network,0,0,0,neuronstar
2024-12-25,neuronstar/general-discussions,2,2,0,neuronstar
2024-12-25,neuronstar/elements-of-statistical-learning,0,0,0,neuronstar
2024-12-25,neuronstar/learn-nest-simulator,0,0,0,neuronstar
2024-12-25,neuronstar/explain-structural-plasticity,1,1,0,neuronstar
2024-12-25,neuronstar/statmech-and-neural-networks,0,0,0,neuronstar
2024-12-25,neuronstar/seminar-discussions,0,0,0,neuronstar
2024-12-25,neuronstar/ts-diffusion,5,5,1,neuronstar
2024-12-25,uupers/BiliSpider,455,455,76,uupers
2024-12-25,uupers/uupers.github.io,75,75,1,uupers
2024-12-25,uupers/wait-for-permission,0,0,0,uupers
2024-12-25,uupers/How2Lexplain,1,1,0,uupers
2024-12-25,uupers/pullpoor,0,0,1,uupers
2024-12-25,uupers/bilidash,0,0,0,uupers
2024-12-25,uupers/ACSpider,7,7,0,uupers
2024-12-25,uupers/vtracer,4,4,1,uupers
2024-12-25,uupers/save-tieba,48,48,6,uupers
2024-12-25,uupers/Mathematica-ThreeJS-graphics-engine,0,0,0,uupers
2024-12-25,datumorphism/data-basics,0,0,0,datumorphism
2024-12-25,datumorphism/learning,0,0,0,datumorphism
2024-12-25,datumorphism/datumorphism.github.io,8,8,3,datumorphism
2024-12-25,datumorphism/data-visualization-coursera,0,0,0,datumorphism
2024-12-25,datumorphism/data-mining-3rd-han-notes,0,0,0,datumorphism
2024-12-25,datumorphism/pattern-discovery-coursera,0,0,0,datumorphism
2024-12-25,datumorphism/full-stack-data-science,0,0,0,datumorphism
2024-12-25,datumorphism/OpenEats,0,0,0,datumorphism
2024-12-25,datumorphism/cheat,0,0,0,datumorphism
2024-12-25,datumorphism/vectorized-food,2,2,0,datumorphism
2024-12-25,datumorphism/ml4everyone,0,0,0,datumorphism
2024-12-25,datumorphism/comments,0,0,0,datumorphism
2024-12-25,datumorphism/luigi-and-docker,0,0,0,datumorphism
2024-12-25,datumorphism/learn-luigi,0,0,0,datumorphism
2024-12-25,datumorphism/courses-scrape-data-using-node-js,0,0,0,datumorphism
2024-12-25,datumorphism/data-visualization-udacity,0,0,0,datumorphism
2024-12-25,datumorphism/openpoimap,0,0,0,datumorphism
2024-12-25,datumorphism/wechat-assistant,1,1,0,datumorphism
2024-12-25,datumorphism/crunchbase-data,0,0,0,datumorphism
2024-12-25,datumorphism/cog,0,0,0,datumorphism
2024-12-25,datumorphism/public-apis,0,0,0,datumorphism
2024-12-25,datumorphism/datahub,0,0,0,datumorphism
2024-12-25,datumorphism/2019-ncov,0,0,1,datumorphism
2024-12-25,datumorphism/geonames-timezones,0,0,0,datumorphism
2024-12-25,datumorphism/geonames-postal-codes-geocoordinates,0,0,0,datumorphism
2024-12-25,datumorphism/dataset-european-countries,0,0,0,datumorphism
2024-12-25,datumorphism/postcodes.io,0,0,0,datumorphism
2024-12-25,datumorphism/deutschlandGeoJSON,0,0,0,datumorphism
2024-12-25,datumorphism/graphql-scraper-server,0,0,0,datumorphism
2024-12-25,datumorphism/dataset-eu-geography-shapes,0,0,0,datumorphism
2024-12-25,DataHerb/dataherb-flora,1,1,2,DataHerb
2024-12-25,DataHerb/dataherb.github.io,0,0,0,DataHerb
2024-12-25,DataHerb/dataherb-metadata-aggregator,0,0,0,DataHerb
2024-12-25,DataHerb/comments,0,0,0,DataHerb
2024-12-25,DataHerb/dataherb-python,3,3,1,DataHerb
2024-12-25,DataHerb/dataset-covid-19,14,14,19,DataHerb
2024-12-25,DataHerb/nuforc-ufo-records,1,1,1,DataHerb
2024-12-25,DataHerb/sars-cov-2-germany,4,4,0,DataHerb
2024-12-25,DataHerb/covid19-eu-pages,0,0,0,DataHerb
2024-12-25,DataHerb/covid-19-ecdc,0,0,0,DataHerb
2024-12-25,DataHerb/covid19-eu-data,0,0,0,DataHerb
2024-12-25,DataHerb/krautmarkt-core,0,0,0,DataHerb
2024-12-25,DataHerb/krautmarkt-hugo,0,0,0,DataHerb
2024-12-25,DataHerb/dataset-data-science-job,4,4,3,DataHerb
2024-12-25,DataHerb/dataherb-python-demo-dataset,0,0,0,DataHerb
2024-12-25,DataHerb/dataherb-python-demo-dataset-created,0,0,0,DataHerb
2024-12-25,DataHerb/dataset-ENTSO-E-power-comsumption,0,0,0,DataHerb
2024-12-25,DataHerb/dataset-airpassenger,0,0,0,DataHerb
2024-12-25,DataHerb/dataset-samsung-device-updates,0,0,0,DataHerb
2024-12-25,kausalflow/PopularScienceMeter,2,2,0,kausalflow
2024-12-25,kausalflow/GuokrBadge,23,23,3,kausalflow
2024-12-25,kausalflow/GuokrData,1,1,0,kausalflow
2024-12-25,kausalflow/Codes4GWork,0,0,0,kausalflow
2024-12-25,kausalflow/opentf.github.io,2,2,0,kausalflow
2024-12-25,kausalflow/Cache,0,0,0,kausalflow
2024-12-25,kausalflow/html4scientists,8,8,1,kausalflow
2024-12-25,kausalflow/openscience,5,5,0,kausalflow
2024-12-25,kausalflow/thePaper,1,1,0,kausalflow
2024-12-25,kausalflow/exoplanets,0,0,0,kausalflow
2024-12-25,kausalflow/okfestival,0,0,0,kausalflow
2024-12-25,kausalflow/tufte-latex,0,0,0,kausalflow
2024-12-25,kausalflow/tools,36,36,5,kausalflow
2024-12-25,kausalflow/kausalflow.github.io,0,0,0,kausalflow
2024-12-25,kausalflow/pyresparser,0,0,0,kausalflow
2024-12-25,kausalflow/connectome,35,35,8,kausalflow
2024-12-25,kausalflow/hugo-connectome-theme-demo,4,4,4,kausalflow
2024-12-25,kausalflow/jamstackthemes,0,0,0,kausalflow
2024-12-25,kausalflow/covid19-eu-data,0,0,0,kausalflow
2024-12-25,kausalflow/kirsche,14,14,0,kausalflow
2024-12-25,kausalflow/community,0,0,0,kausalflow
2024-12-25,kausalflow/connected-references-demo,0,0,0,kausalflow
2024-12-25,kausalflow/test-automation,0,0,0,kausalflow
2024-12-25,kausalflow/colorteller,1,1,0,kausalflow
2024-12-25,kausalflow/colorteller-package,3,3,0,kausalflow
2024-12-25,kausalflow/experimentalist-data,0,0,0,kausalflow
2024-12-25,kausalflow/hamilflow,4,4,1,kausalflow
2024-12-25,kausalflow/lag-llama,0,0,0,kausalflow
